CustomerID;AddressID;AddressType;AddressLine1;AddressLine2;City;StateProvince;CountryRegion;PostalCode
"29900";"508";"Main Office";"2900 - 25055 Dunning Street";"";"Vancouver";"British Columbia";"Canada";"V7L 4J4"
"30061";"603";"Main Office";"9500b E. Central Texas Expressway";"";"Killeen";"Texas";"United States";"76541"
"29528";"788";"Main Office";"2533 Eureka Rd.";"";"Southgate";"Michigan";"United States";"48195"
"29763";"1067";"Main Office";"Bayshore Mall";"";"Eureka";"California";"United States";"95501"
"30016";"531";"Main Office";"5th Floor, 79 Place D'armes";"";"Kingston";"Ontario";"Canada";"7L"
"30046";"614";"Main Office";"Town East Center";"";"Mesquite";"Texas";"United States";"75149"
"30102";"669";"Main Office";"Internet House, 3399 Science Park";"";"Cambridge";"England";"United Kingdom";"CB4 4BZ"
"30034";"898";"Main Office";"700 Se Sunnyside Road";"";"Clackamas";"Oregon";"United States";"97015"
"29727";"907";"Main Office";"99295 S.e. Tualatin Valley_hwy.";"";"Hillsboro";"Oregon";"United States";"97123"
"29807";"449";"Main Office";"Station E";"";"Chalk Riber";"Ontario";"Canada";"K0J 1J0"
"29674";"571";"Main Office";"25550 Executive Dr";"";"Elgin";"Illinois";"United States";"60120"
"30003";"620";"Main Office";"Horizon Outlet";"";"Woodbury";"Minnesota";"United States";"55125"
"29663";"575";"Main Office";"42500 W 76th St";"";"Chicago";"Illinois";"United States";"60610"
"30087";"492";"Main Office";"99954 Boul. Laurier, Local 060, Place";"";"Sainte-Foy";"Quebec";"Canada";"G1W"
"29997";"859";"Main Office";"1050 Oak Street";"";"Seattle";"Washington";"United States";"98104"
"30107";"1099";"Main Office";"62500 Neil Road";"";"Reno";"Nevada";"United States";"89502"
"29677";"461";"Main Office";"2560 Bay Street";"";"Toronto";"Ontario";"Canada";"M4B 1V7"
"29855";"539";"Main Office";"6th Floor, 25st Canadian Place";"";"Toronto";"Ontario";"Canada";"M4B 1V5"
"29931";"838";"Main Office";"25300 Biddle Road";"";"Medford";"Oregon";"United States";"97504"
"29503";"541";"Main Office";"25981 College Street";"";"Montreal";"Quebec";"Canada";"H1Y 2H5"
"0";"878";"";"4210 E Sprague Ave";"";"Spokane";"Washington";"United States";"99202"
"29852";"511";"Main Office";"Bureau 9900 825, Avenue Querbes";"";"Outremont";"Quebec";"Canada";"H1Y 2G5"
"29772";"560";"Main Office";"800 Interchange Blvd.";"Suite 2501";"Austin";"Texas";"United States";"78701"
"30004";"892";"Main Office";"Frontier Mall";"";"Cheyenne";"Wyoming";"United States";"82001"
"29532";"881";"Main Office";"Southgate Mall";"";"Missoula";"Montana";"United States";"59801"
"29848";"625";"Main Office";"Cedar Creek Stores";"";"Mosinee";"Wisconsin";"United States";"54455"
"29944";"1004";"Main Office";"25600 E St Andrews Pl";"";"Santa Ana";"California";"United States";"92701"
"29545";"834";"Main Office";"99300 223rd Southeast";"";"Bothell";"Washington";"United States";"98011"
"29590";"789";"Main Office";"250000 Eight Mile Road";"";"Detroit";"Michigan";"United States";"48226"
"29834";"1097";"Main Office";"Corp Ofc Accts Payable";"";"El Segundo";"California";"United States";"90245"
"30023";"594";"Main Office";"123 W. Lake Ave.";"";"Peoria";"Illinois";"United States";"61606"
"29905";"505";"Main Office";"6400, 888 - 3rd Avenue";"";"Calgary";"Alberta";"Canada";"T2P 2G8"
"29641";"1088";"Main Office";"99040 California Avenue";"";"Sand City";"California";"United States";"93955"
"29705";"459";"Main Office";"25575 The Queensway";"";"Etobicoke";"Ontario";"Canada";"M9W 3P3"
"29557";"513";"Main Office";"253711 Mayfield Place, Unit 150";"";"Richmond";"British Columbia";"Canada";"V6B 3P7"
"29761";"525";"Main Office";"69251 Creditview Road";"";"Mississauga";"Ontario";"Canada";"L5B 3V4"
"29650";"1059";"Main Office";"The Quad @ WestView";"";"Whittier";"California";"United States";"90605"
"0";"477";"";"6th Floor Ferguson Block";"";"Toronto";"Ontario";"Canada";"M4B 1V7"
"29559";"185";"Shipping";"2681 Eagle Peak";"";"Bellevue";"Washington";"United States";"98004"
"29964";"453";"Main Office";"6333 Cote Vertu";"";"Montreal";"Quebec";"Canada";"H1Y 2H7"
"30111";"598";"Main Office";"455 256th St.";"";"Moline";"Illinois";"United States";"61265"
"29948";"572";"Main Office";"P.O. Box 6256916";"";"Dallas";"Texas";"United States";"75201"
"29793";"1011";"Main Office";"9700 Sisk Road";"";"Modesto";"California";"United States";"95354"
"29969";"548";"Main Office";"63 Free St.";"";"Toronto";"Ontario";"Canada";"M4B 1V4"
"29870";"484";"Main Office";"2510 Crew Court";"";"Montreal";"Quebec";"Canada";"H1Y 2H8"
"29680";"509";"Main Office";"Suite 25800 3401 - 10810th Avenue";"";"Surrey";"British Columbia";"Canada";"V3T 4W3"
"29699";"456";"Main Office";"6777 Kingsway";"";"Burnaby";"British Columbia";"Canada";"V5H 3Z7"
"29570";"592";"Main Office";"9903 Highway 6 South";"";"Houston";"Texas";"United States";"77003"
"0";"1010";"";"5650 West 88th Ave.";"";"Westminster";"Colorado";"United States";"80030"
"30083";"521";"Main Office";"55 Standish Court";"";"Mississauga";"Ontario";"Canada";"L5B 3V4"
"29582";"848";"Main Office";"Bldg. 9n/99298";"";"Redmond";"Washington";"United States";"98052"
"29918";"460";"Main Office";"2521 McPherson Street";"";"Markham";"Ontario";"Canada";"L3S 3K2"
"30019";"652";"Main Office";"Wymbush";"";"Milton Keynes";"England";"United Kingdom";"MK8 8DF"
"29574";"577";"Main Office";"2500 North Stemmons Freeway";"";"Dallas";"Texas";"United States";"75201"
"29810";"835";"Main Office";"259826 Russell Rd. South";"";"Kent";"Washington";"United States";"98031"
"29490";"887";"Main Office";"Lewiston Mall";"";"Lewiston";"Idaho";"United States";"83501"
"29946";"462";"Main Office";"630 University Avenue";"";"Toronto";"Ontario";"Canada";"M4B 1V7"
"0";"900";"";"25708 Dell Range Blvd.";"";"Cheyenne";"Wyoming";"United States";"82001"
"30056";"1052";"Main Office";"San Diego Factory";"";"San Ysidro";"California";"United States";"92173"
"29783";"1075";"Main Office";"5525 South Hover Road";"";"Longmont";"Colorado";"United States";"80501"
"0";"632";"";"Fiesta Trail Shopping Center";"";"San Antonio";"Texas";"United States";"78204"
"29708";"569";"Main Office";"Sapp Road West";"";"Round Rock";"Texas";"United States";"78664"
"29954";"574";"Main Office";"Po Box 8259024";"";"Dallas";"Texas";"United States";"75201"
"29902";"602";"Main Office";"6425 Nw Loop 410";"";"San Antonio";"Texas";"United States";"78204"
"29499";"527";"Main Office";"252851 Rowan Place";"";"Richmond";"British Columbia";"Canada";"V6B 3P7"
"29692";"494";"Main Office";"Box 99354 300 Union Street";"";"Saint John";"Brunswick";"Canada";"E2P 1E3"
"29649";"544";"Main Office";"30025 Wayburne Drive, Suite 275";"";"Burnaby";"British Columbia";"Canada";"V5G 4W1"
"0";"1084";"";"25751 University Drive";"";"Vista";"California";"United States";"92084"
"30058";"510";"Main Office";"750 Philip Street";"";"Waterloo";"Ontario";"Canada";"N2V"
"29695";"867";"Main Office";"48995 Evergreen Wy.";"";"Everett";"Washington";"United States";"98201"
"29588";"890";"Main Office";"Holiday Village Mall";"";"Great Falls";"Montana";"United States";"59401"
"29489";"1069";"Main Office";"6900 Sisk Road";"";"Modesto";"California";"United States";"95354"
"29741";"660";"Main Office";"6 The Farm, Liberty Road";"";"Maidenhead";"England";"United Kingdom";"SL67RJ"
"29639";"470";"Main Office";"2511 Baker Road";"";"Toronto";"Ontario";"Canada";"M4B 1V7"
"29874";"647";"Main Office";"Wade Road";"";"Basingstoke Hants";"England";"United Kingdom";"RG24 8PL"
"29840";"547";"Main Office";"7000 Victoria Park Avenue";"";"Toronto";"Ontario";"Canada";"M4B 1V4"
"29559";"861";"Main Office";"25915 140th Ave Ne";"";"Bellevue";"Washington";"United States";"98004"
"29921";"842";"Main Office";"258101 Nw Evergreen Parkway";"";"Beaverton";"Oregon";"United States";"97005"
"29579";"1012";"Main Office";"789 West Alameda";"";"Westminster";"Colorado";"United States";"80030"
"29797";"455";"Main Office";"2550 Signet Drive";"";"Weston";"Ontario";"Canada";"M9V 4W3"
"29742";"884";"Main Office";"Lewis County Mall";"";"Chehalis";"Washington";"United States";"98532"
"30117";"596";"Main Office";"72540 Blanco Rd.";"";"San Antonio";"Texas";"United States";"78204"
"29565";"1073";"Main Office";"3065 Santa Margarita Parkway";"";"Trabuco Canyon";"California";"United States";"92679"
"30048";"526";"Main Office";"251420a 170th Street";"";"Edmonton";"Alberta";"Canada";"T5"
"29765";"806";"Main Office";"Horizon Outlet Center";"";"Monroe";"Michigan";"United States";"98272"
"29587";"664";"Main Office";"99-3 Forest Works";"";"London";"England";"United Kingdom";"E17 6JF"
"29593";"585";"Main Office";"Noah Lane";"";"Chicago";"Illinois";"United States";"60610"
"29643";"899";"Main Office";"North 93270 Newport Highway";"";"Spokane";"Washington";"United States";"99202"
"29980";"672";"Main Office";"99 Dean Street, Soho";"";"London";"England";"United Kingdom";"W1V 5RN"
"29806";"837";"Main Office";"640 South 994th St. W.";"";"Billings";"Montana";"United States";"59101"
"29854";"604";"Main Office";"1200 First Ave.";"";"Joliet";"Illinois";"United States";"60433"
"29816";"833";"Main Office";"3207 S Grady Way";"";"Renton";"Washington";"United States";"98055"
"29884";"583";"Main Office";"625 W Jackson Blvd. Unit 2502";"";"Chicago";"Illinois";"United States";"60610"
"30005";"665";"Main Office";"46-44 Albemarle Street";"";"London";"England";"United Kingdom";"W1X3SE"
"29612";"649";"Main Office";"Knaves Beech Ind.";"";"High Wycombe";"England";"United Kingdom";"HP10 9QY"
"30093";"489";"Main Office";"9960 King Street E.";"";"Toronto";"Ontario";"Canada";"M4B 1V5"
"29835";"903";"Main Office";"250775 SW Hillsdale Hwy";"";"Beaverton";"Oregon";"United States";"97005"
"29934";"451";"Main Office";"2512-4th Ave Sw";"";"Calgary";"Alberta";"Canada";"T2P 2G8"
"29863";"546";"Main Office";"250333 Southport Road, S.W.";"";"Calgary";"Alberta";"Canada";"T2P 2G8"
"29885";"857";"Main Office";"7990 Ocean Beach Hwy.";"";"Longview";"Washington";"United States";"98632"
"30033";"1090";"Main Office";"25130 South State Street";"";"Sandy";"Utah";"United States";"84070"
"29950";"463";"Main Office";"992 St Clair Ave East";"";"Toronto";"Ontario";"Canada";"M4B 1V7"
"29990";"646";"Main Office";"Butterfield Hse, 7-251 Chapel St";"";"Lancaster";"England";"United Kingdom";"LA1 1LN"
"29985";"673";"Main Office";"Park House-4th Floor, 2516 Park St.";"";"London";"England";"United Kingdom";"W1Y 3RA"
"29606";"871";"Main Office";"2502 Evergreen Ste E";"";"Everett";"Washington";"United States";"98201"
"29571";"864";"Main Office";"67 Rainer Ave S";"";"Renton";"Washington";"United States";"98055"
"30018";"868";"Main Office";"25111 228th St Sw";"";"Bothell";"Washington";"United States";"98011"
"30029";"542";"Main Office";"5 place Ville-Marie";"";"Montreal";"Quebec";"Canada";"H1Y 2H7"
"29941";"645";"Main Office";"Garamonde Drive, Wymbush";"P.O. Box 803";"Milton Keynes";"England";"United Kingdom";"MK8 8ZD"
"30045";"886";"Main Office";"Lancaster Mall";"";"Salem";"Oregon";"United States";"97301"
"29975";"1098";"Main Office";"Po Box 252525";"";"Santa Ana";"California";"United States";"92701"
"29644";"643";"Main Office";"Banbury";"";"Oxon";"England";"United Kingdom";"OX16 8RS"
"29789";"501";"Main Office";"965 De La Gauchetiere West";"";"Montreal";"Quebec";"Canada";"H1Y 2H8"
"29583";"576";"Main Office";"4255 East Lies Road";"";"Carol Stream";"Illinois";"United States";"60188"
"29506";"1082";"Main Office";"2551 East Warner Road";"";"Gilbert";"Arizona";"United States";"85233"
"29954";"25";"Shipping";"9178 Jumping St.";"";"Dallas";"Texas";"United States";"75201"
"29913";"1080";"Main Office";"2575 Rocky Mountain Ave.";"";"Loveland";"Colorado";"United States";"80537"
"30032";"624";"Main Office";"Factory Merchants";"";"Branson";"Missouri";"United States";"65616"
"29569";"562";"Main Office";"2505 Gateway Drive";"";"North Sioux City";"South Dakota";"United States";"57049"
"0";"1050";"";"University Town Center";"";"San Diego";"California";"United States";"92102"
"29713";"644";"Main Office";"Bradford";"Raven House, Kingsgate";"W. York";"England";"United Kingdom";"BD1 4SJ"
"29684";"795";"Main Office";"99800 Tittabawasee Rd.";"";"Saginaw";"Michigan";"United States";"48601"
"29673";"1007";"Main Office";"77 Beale Street";"Room 99767c";"San Francisco";"California";"United States";"94109"
"29659";"605";"Main Office";"7760 N. Pan Am Expwy";"";"San Antonio";"Texas";"United States";"78204"
"29903";"874";"Main Office";"2550 Ne Sandy Blvd";"";"Portland";"Oregon";"United States";"97205"
"30053";"507";"Main Office";"975 Princess Street";"";"Kingston";"Ontario";"Canada";"7L"
"29536";"786";"Main Office";"6789 Warren Road";"";"Westland";"Michigan";"United States";"48185"
"29558";"500";"Main Office";"5700 Explorer Drive";"";"Mississauga";"Ontario";"Canada";"L4W 5J3"
"30100";"1028";"Main Office";"Mall Of Orange";"";"Orange";"California";"United States";"92867"
"29522";"1040";"Main Office";"Fox Hills";"";"Culver City";"California";"United States";"90232"
"29573";"1016";"Main Office";"72502 Eastern Ave.";"";"Bell Gardens";"California";"United States";"90201"
"29703";"1001";"Main Office";"Incom Sports Center";"";"Ontario";"California";"United States";"91764"
"29503";"32";"Shipping";"26910 Indela Road";"";"Montreal";"Quebec";"Canada";"H1Y 2H5"
"29732";"607";"Main Office";"25220 Airline Road";"";"Corpus Christi";"Texas";"United States";"78404"
"29893";"1018";"Main Office";"630 N. Capitol Ave.";"";"San Jose";"California";"United States";"95112"
"29897";"1066";"Main Office";"Prime Outlets";"";"Phoenix";"Arizona";"United States";"85004"
"30007";"536";"Main Office";"No. 2000-25080 Beaver Hall Hill";"";"Quebec";"Quebec";"Canada";"G1R"
"29553";"581";"Main Office";"Po Box 8035996";"";"Dallas";"Texas";"United States";"75201"
"30071";"844";"Main Office";"755 Nw Grandstand";"";"Issaquah";"Washington";"United States";"98027"
"29527";"512";"Main Office";"700 Bureau Road";"";"Montreal";"Quebec";"Canada";"H1Y 2H7"
"29773";"832";"Main Office";"2251 Elliot Avenue";"";"Seattle";"Washington";"United States";"98104"
"29898";"876";"Main Office";"765 Delridge Way Sw";"";"Seattle";"Washington";"United States";"98104"
"29517";"794";"Main Office";"998 Forest Road";"";"Saginaw";"Michigan";"United States";"48601"
"29907";"872";"Main Office";"755 W Washington Ave Ste D";"";"Sequim";"Washington";"United States";"98382"
"30104";"670";"Main Office";"7 Garden House Cloisters, 8 Batters";"";"London";"England";"United Kingdom";"SW8 4BG"
"29748";"1085";"Main Office";"49925 Crestview Drive N.E.";"";"Rio Rancho";"New Mexico";"United States";"87124"
"30106";"630";"Main Office";"Lincoln Square";"";"Arlington";"Texas";"United States";"76010"
"29908";"654";"Main Office";"308-3250 Casting Road";"";"York";"England";"United Kingdom";"Y024 1GF"
"30018";"9";"Shipping";"8713 Yosemite Ct.";"";"Bothell";"Washington";"United States";"98011"
"29635";"634";"Main Office";"Ward Parkway Center";"";"Kansas City";"Missouri";"United States";"64106"
"29730";"558";"Main Office";"67255 - 8th Street N.E., Suite 350";"";"Calgary";"Alberta";"Canada";"T2P 2G8"
"29660";"1058";"Main Office";"Riverside";"";"Sherman Oaks";"California";"United States";"91403"
"29936";"852";"Main Office";"25718 Se Sunnyside Rd";"";"Clackamas";"Oregon";"United States";"97015-6403"
"29780";"490";"Main Office";"9979 Bayview Drive";"";"Barrie";"Ontario";"Canada";"L4N"
"29929";"999";"Main Office";"Receiving";"";"Fullerton";"California";"United States";"92831"
"29998";"1027";"Main Office";"409 Santa Monica Blvd.";"";"Santa Monica";"California";"United States";"90401"
"30070";"845";"Main Office";"22571 South 2500 East";"";"Idaho Falls";"Idaho";"United States";"83402"
"29654";"579";"Main Office";"25 N State St";"";"Chicago";"Illinois";"United States";"60610"
"29981";"904";"Main Office";"9905 Three Rivers Drive";"";"Kelso";"Washington";"United States";"98626"
"30024";"866";"Main Office";"2528 Meridian E";"";"Puyallup";"Washington";"United States";"98371"
"30044";"661";"Main Office";"725a The Arches";"";"Berks";"England";"United Kingdom";"SL4 1RH"
"29819";"633";"Main Office";"Medford Outlet Center";"";"Medford";"Minnesota";"United States";"55049"
"29766";"522";"Main Office";"43251 Viking Way, Unit 130";"";"Richmond";"British Columbia";"Canada";"V6B 3P7"
"0";"506";"";"255117 - 101 Avenue";"";"Surrey";"British Columbia";"Canada";"V3T 4W3"
"0";"1037";"";"North County Square";"";"Vista";"California";"United States";"92084"
"29720";"1100";"Main Office";"4635 S. Harrison Blvd.";"";"Ogden";"Utah";"United States";"84401"
"29830";"553";"Main Office";"253131 Lake Frasier Drive, Office No. 2";"";"Calgary";"Alberta";"Canada";"T2P 2G8"
"29599";"877";"Main Office";"4781 Highway 95";"";"Sandpoint";"Idaho";"United States";"83864"
"29548";"498";"Main Office";"25537 Hillside Avenue";"";"Victoria";"British Columbia";"Canada";"V8V"
"29827";"631";"Main Office";"Kansas City Factory Outlet";"";"Odessa";"Missouri";"United States";"64076"
"29566";"810";"Main Office";"Redford Plaza";"";"Redford";"Michigan";"United States";"48239"
"29994";"482";"Main Office";"2500 University Avenue";"";"Toronto";"Ontario";"Canada";"M4B 1V5"
"29861";"628";"Main Office";"City Center";"";"Minneapolis";"Minnesota";"United States";"55402"
"29497";"889";"Main Office";"Eastridge Mall";"";"Casper";"Wyoming";"United States";"82601"
"29591";"584";"Main Office";"250880 Baur Blvd";"";"Saint Louis";"Missouri";"United States";"63103"
"29943";"582";"Main Office";"5700 Legacy Dr";"";"Plano";"Texas";"United States";"75074"
"29850";"623";"Main Office";"Ohms Road";"";"Houston";"Texas";"United States";"77003"
"29686";"1048";"Main Office";"Factory Merchants";"";"Barstow";"California";"United States";"92311"
"29728";"1103";"Main Office";"2564 S. Redwood Rd.";"";"Riverton";"Utah";"United States";"84065"
"29719";"905";"Main Office";"225 South 314th Street";"";"Federal Way";"Washington";"United States";"98003"
"29847";"1092";"Main Office";"99700 Bell Road";"";"Auburn";"California";"United States";"95603"
"30028";"1087";"Main Office";"253731 West Bell Road";"";"Surprise";"Arizona";"United States";"85374"
"29770";"445";"Main Office";"6388 Lake City Way";"";"Burnaby";"British Columbia";"Canada";"V5A 3A6"
"29758";"613";"Main Office";"Lakeline Mall";"";"Cedar Park";"Texas";"United States";"78613"
"0";"615";"";"Fountains On The Lake";"";"Stafford";"Texas";"United States";"77477"
"29953";"846";"Main Office";"257700 Ne 76th Street";"";"Redmond";"Washington";"United States";"98052"
"29857";"666";"Main Office";"399 Clearing Green";"";"London";"England";"United Kingdom";"EC1R 0DU"
"29620";"503";"Main Office";"P.O. Box 44000";"";"Winnipeg";"Manitoba";"Canada";"R3"
"29881";"483";"Main Office";"955 Green Valley Crescent";"";"Ottawa";"Ontario";"Canada";"K4B 1S1"
"30031";"896";"Main Office";"2255 254th Avenue Se";"";"Albany";"Oregon";"United States";"97321"
"29702";"567";"Main Office";"Corporate Office";"";"Garland";"Texas";"United States";"75040"
"30025";"651";"Main Office";"New Millhouse, 2583 Milton Park";"";"Abingdon";"England";"United Kingdom";"OX14 4SE"
"29717";"851";"Main Office";"994 Sw Cherry Park Rd";"";"Troutdale";"Oregon";"United States";"97060"
"29738";"610";"Main Office";"44025 W. Empire";"";"Denby";"South Dakota";"United States";"57716"
"29645";"850";"Main Office";"558 S 6th St";"";"Klamath Falls";"Oregon";"United States";"97601"
"30074";"534";"Main Office";"Depot 80";"";"Sillery";"Quebec";"Canada";"G1T"
"29776";"636";"Main Office";"Science Park South, Birchwood";"Stanford House";"Warrington";"England";"United Kingdom";"WA3 7BH"
"29862";"1096";"Main Office";"6753 Howard Hughes Parkway";"";"Las Vegas";"Nevada";"United States";"89106"
"29510";"540";"Main Office";"254 Colonnade Road";"";"Nepean";"Ontario";"Canada";"K2J 2W5"
"29755";"528";"Main Office";"5990 Avebury Road";"";"Mississauga";"Ontario";"Canada";"L5B 3V4"
"30067";"464";"Main Office";"99, Rue Saint-pierre";"";"Pnot-Rouge";"Quebec";"Canada";"J1E 2T7"
"29625";"491";"Main Office";"20225 Lansing Ave";"";"Montreal";"Quebec";"Canada";"H1Y 2H7"
"29824";"556";"Main Office";"990th Floor 700 De La GauchetiSre Ou";"";"Montreal";"Quebec";"Canada";"H1Y 2H3"
"29956";"561";"Main Office";"90025 Sterling St";"";"Irving";"Texas";"United States";"75061"
"29785";"533";"Main Office";"4400 March Road";"";"Kanata";"Ontario";"Canada";"K2L 1H5"
"29932";"637";"Main Office";"Phoenix Way, Cirencester";"";"Gloucestershire";"England";"United Kingdom";"GL7 1RY"
"29688";"785";"Main Office";"399700 John R. Rd.";"";"Madison Heights";"Michigan";"United States";"48071"
"29843";"901";"Main Office";"No. 60 Bellis Fair Parkway";"";"Bellingham";"Washington";"United States";"98225"
"30069";"1006";"Main Office";"25472 Marlay Ave";"";"Fontana";"California";"United States";"92335"
"30113";"653";"Main Office";"Burgess Hill";"Edward Way";"West Sussex";"England";"United Kingdom";"RH15 9UD"
"29895";"524";"Main Office";"9693 Louis H Lafontaine";"";"Ville De'anjou";"Quebec";"Canada";"J1G 2R3"
"29858";"894";"Main Office";"3390 South 23rd St.";"";"Tacoma";"Washington";"United States";"98403"
"0";"1057";"";"Norwalk Square";"";"Norwalk";"California";"United States";"90650"
"29816";"297";"Shipping";"7943 Walnut Ave";"";"Renton";"Washington";"United States";"98055"
"30050";"662";"Main Office";"Paramount House";"";"London";"England";"United Kingdom";"W1N 9FA"
"29772";"11380";"Shipping";"165 North Main";"";"Austin";"Texas";"United States";"78701"
"0";"479";"";"2550 Middlefield Road";"";"Scarborough";"Ontario";"Canada";"M1V 4M2"
"30051";"888";"Main Office";"Three Rivers Mall";"";"Kelso";"Washington";"United States";"98626"
"30035";"626";"Main Office";"Lone Star Factory";"";"La Marque";"Texas";"United States";"77568"
"29690";"1036";"Main Office";"Sports Store At Park City";"";"Park City";"Utah";"United States";"84098"
"29615";"663";"Main Office";"2524 Barlby Road";"";"London";"England";"United Kingdom";"W10 6BL"
"0";"457";"";"5250-505 Burning St";"";"Vancouver";"British Columbia";"Canada";"V7L 4J4"
"29577";"471";"Main Office";"770 Notre Datme Quest Bureau 800";"";"Montreal";"Quebec";"Canada";"H1Y 2H7"
"29757";"1070";"Main Office";"3250 Baldwin Park Blvd";"";"Baldwin Park";"California";"United States";"91706"
"29826";"1101";"Main Office";"825 W 500 S";"";"Bountiful";"Utah";"United States";"84010"
"29486";"621";"Main Office";"Tanger Factory";"";"Branch";"Minnesota";"United States";"55056"
"29879";"515";"Main Office";"9900 Ronson Drive";"";"Etobicoke";"Ontario";"Canada";"M9W 3P3"
"29710";"1017";"Main Office";"2560 E. Newlands Dr";"";"Fernley";"Nevada";"United States";"89408"
"30037";"545";"Main Office";"999 West Georgia St.";"";"Vancouver";"Ontario";"Canada";"V5T 1Y9"
"30105";"902";"Main Office";"950 Gateway Street";"";"Springfield";"Oregon";"United States";"97477"
"30040";"1095";"Main Office";"9980 S Alma School Road";"";"Chandler";"Arizona";"United States";"85225"
"29818";"1104";"Main Office";"9927 N. Main St.";"";"Tooele";"Utah";"United States";"84074"
"29860";"668";"Main Office";"2574 Milton Park";"";"Oxford";"England";"United Kingdom";"OX14 4SE"
"29861";"11382";"Shipping";"99 Front Street";"";"Minneapolis";"Minnesota";"United States";"55402"
"29901";"1053";"Main Office";"Pacific West Outlet";"";"Gilroy";"California";"United States";"95020"
"0";"873";"";"44606 N Division St";"";"Spokane";"Washington";"United States";"99202"
"29653";"1019";"Main Office";"4660 Rodeo Road";"";"Santa Fe";"New Mexico";"United States";"87501"
"29978";"671";"Main Office";"25 Hartfield Road, Wimbledon";"";"London";"England";"United Kingdom";"SW19 3RU"
"30052";"1074";"Main Office";"9920 Bridgepointe Parkway";"";"San Mateo";"California";"United States";"94404"
"29883";"11381";"Shipping";"2000 300th Street";"";"Denver";"Colorado";"United States";"80203"
"29787";"869";"Main Office";"2583 Se 272nd St";"";"Kent";"Washington";"United States";"98031"
"29662";"1013";"Main Office";"54254 Pacific Ave.";"";"Stockton";"California";"United States";"95202"
"29629";"469";"Main Office";"400-25155 West Pender St";"";"Vancouver";"British Columbia";"Canada";"V7L 4J4"
"29576";"514";"Main Office";"63 West Beaver Creek";"";"Richmond Hill";"Ontario";"Canada";"L4E 3M5"
"29714";"473";"Main Office";"595 Burning Street";"";"Vancouver";"British Columbia";"Canada";"V7L 4J4"
"29771";"990";"Main Office";"5420 West 22500 South";"";"Salt Lake City";"Utah";"United States";"84101"
"29799";"997";"Main Office";"70259 West Sunnyview Ave";"";"Visalia";"California";"United States";"93291"
"29494";"537";"Main Office";"No. 25800-130 King Street West";"";"Toronto";"Ontario";"Canada";"M4B 1V5"
"29580";"849";"Main Office";"4251 First Avenue";"";"Seattle";"Washington";"United States";"98104"
"29671";"465";"Main Office";"25245 Rue Sherbrooke Ouest";"";"Montreal";"Quebec";"Canada";"H1Y 2H5"
"29775";"836";"Main Office";"35525-9th Street Sw";"";"Puyallup";"Washington";"United States";"98371"
"30112";"870";"Main Office";"409 S. Main Ste. 25";"";"Ellensburg";"Washington";"United States";"98926"
"29608";"488";"Main Office";"45259 Canada Way";"";"Burnaby";"British Columbia";"Canada";"V5G 4S4"
"29546";"635";"Main Office";"93-2501, Blackfriars Road,";"";"London";"England";"United Kingdom";"SE1 8HL"
"30089";"1034";"Main Office";"Oxnard Outlet";"";"Oxnard";"California";"United States";"93030"
"29733";"1062";"Main Office";"Factory Stores/tucson";"";"Tucson";"Arizona";"United States";"85701"
"29747";"895";"Main Office";"3250 South Meridian";"";"Puyallup";"Washington";"United States";"98371"
"29502";"893";"Main Office";"White Mountain Mall";"";"Rock Springs";"Wyoming";"United States";"82901"
"30000";"485";"Main Office";"9900-6400 Boul, Taschereau";"";"Brossard";"Quebec";"Canada";"J4Z 1R4"
"29904";"655";"Main Office";"Wharfdale Road";"";"Berkshire";"England";"United Kingdom";"RG11 5TP"
"29769";"609";"Main Office";"3900 S. 997th St.";"";"Milwaukee";"Wisconsin";"United States";"53202"
"29922";"639";"Main Office";"Garamonde Drive, Wymbush";"PO Box 4023";"Milton Keynes";"England";"United Kingdom";"MK8 8ZD"
"29496";"1072";"Main Office";"6500 East Grant Road";"";"Tucson";"Arizona";"United States";"85701"
"29851";"657";"Main Office";"Unit 99a Battery Retail Pk";"";"Birmingham";"England";"United Kingdom";"B29 6SL"
"29584";"1014";"Main Office";"25136 Jefferson Blvd.";"";"Culver City";"California";"United States";"90232"
"29883";"1025";"Main Office";"2530 South Colorado Blvd.";"";"Denver";"Colorado";"United States";"80203"
"29991";"856";"Main Office";"3025 E Waterway Blvd";"";"Shelton";"Washington";"United States";"98584"
"29617";"880";"Main Office";"S Sound Ctr Suite 25300";"";"Lacey";"Washington";"United States";"98503"
"29736";"659";"Main Office";"Warrington Ldc Unit 25/2";"";"Woolston";"England";"United Kingdom";"WA1 4SY"
"29809";"991";"Main Office";"60025 Bollinger Canyon Road";"";"San Ramon";"California";"United States";"94583"
"0";"530";"";"Suite #9902";"";"North York";"Ontario";"Canada";"M4C 4K6"
"30116";"1044";"Main Office";"Ontario Mills";"";"Ontario";"California";"United States";"91764"
"0";"1042";"";"Stonewood Mall";"";"Downey";"California";"United States";"90241"
"29655";"774";"Main Office";"9920 North Telegraph Rd.";"";"Pontiac";"Michigan";"United States";"48342"
"29521";"1054";"Main Office";"Belz Factory Outlet";"";"Las Vegas";"Nevada";"United States";"89106"
"29992";"1024";"Main Office";"9952 E. Lohman Ave.";"";"Las Cruces";"New Mexico";"United States";"88001"
"29515";"504";"Main Office";"Suite 99320 255 - 510th Avenue S.W.";"";"Calgary";"Alberta";"Canada";"T2P 2G8"
"29554";"776";"Main Office";"997000 Telegraph Rd.";"";"Southfield";"Michigan";"United States";"48034"
"30022";"1041";"Main Office";"Parkway Plaza";"";"El Cajon";"California";"United States";"92020"
"29842";"1094";"Main Office";"25250 N 90th St";"";"Scottsdale";"Arizona";"United States";"85257"
"29505";"1083";"Main Office";"22589 West Craig Road";"";"North Las Vegas";"Nevada";"United States";"89030"
"29601";"516";"Main Office";"251 Indell Lane";"";"Brampton";"Ontario";"Canada";"L6W 2T7"
"0";"1055";"";"Camarillo Athletic Stores";"";"Camarillo";"California";"United States";"93010"
"29782";"590";"Main Office";"9995 West Central Entrance";"";"Duluth";"Minnesota";"United States";"55802"
"29600";"797";"Main Office";"678 Eastman Ave.";"";"Midland";"Michigan";"United States";"48640"
"29618";"658";"Main Office";"Ellesfield Ave";"";"Bracknell";"England";"United Kingdom";"RG12 8TB"
"29925";"840";"Main Office";"Great Northwestern";"";"North Bend";"Washington";"United States";"98045"
"30090";"589";"Main Office";"One Dancing, Rr No. 25";"Box 8033";"Round Rock";"Texas";"United States";"78664"
"29616";"608";"Main Office";"25306 Harvey Rd.";"";"College Station";"Texas";"United States";"77840"
"29803";"452";"Main Office";"55 Lakeshore Blvd East";"";"Toronto";"Ontario";"Canada";"M4B 1V6"
"29877";"1026";"Main Office";"955 E. County Line Rd.";"";"Englewood";"Colorado";"United States";"80110"
"30027";"1038";"Main Office";"123 Camelia Avenue";"";"Oxnard";"California";"United States";"93030"
"0";"1089";"";"25620 Firestone Boulevard";"";"Norwalk";"California";"United States";"90650"
"29937";"580";"Main Office";"2509 W. Frankford";"";"Carrollton";"Texas";"United States";"75006"
"29831";"552";"Main Office";"25730, boul. St-Régis";"";"Dorval";"Quebec";"Canada";"H9P 1H1"
"30115";"499";"Main Office";"Suite 2502 410 Albert Street";"";"Waterloo";"Ontario";"Canada";"N2V"
"30109";"826";"Main Office";"Kensington Valley Shops";"";"Howell";"Michigan";"United States";"48843"
"29774";"564";"Main Office";"509 Nafta Boulevard";"";"Laredo";"Texas";"United States";"78040"
"29511";"1046";"Main Office";"Rocky Mountain Pines Outlet";"";"Loveland";"Colorado";"United States";"80537"
"29889";"1021";"Main Office";"440 West Huntington Dr.";"";"Monrovia";"California";"United States";"91016"
"29938";"1020";"Main Office";"251340 E. South St.";"";"Cerritos";"California";"United States";"90703"
"29788";"1043";"Main Office";"Hanford Mall";"";"Hanford";"California";"United States";"93230"
"0";"474";"";"252345 8810th Avenue";"";"Surrey";"British Columbia";"Canada";"V3T 4W3"
"0";"995";"";"4460 Newport Center Drive";"";"Newport Beach";"California";"United States";"92625"
"29778";"650";"Main Office";"Elmhurst Road, Goring";"";"Reading";"England";"United Kingdom";"RG7 5H7"
"29924";"1002";"Main Office";"C/O Starpak, Inc.";"";"Greeley";"Colorado";"United States";"80631"
"29531";"1061";"Main Office";"Eastern Beltway Center";"";"Las Vegas";"Nevada";"United States";"89106"
"29541";"467";"Main Office";"25900-700-9th Ave S.W.";"";"Calgary";"Alberta";"Canada";"T2P 2G8"
"29955";"756";"Main Office";"855 East Main Avenue";"";"Zeeland";"Michigan";"United States";"49464"
"0";"568";"";"25269 N. Wood Dale Rd";"";"Wood Dale";"Illinois";"United States";"60191"
"29632";"843";"Main Office";"253950 N.E. 178th Place";"";"Woodinville";"Washington";"United States";"98072"
"29868";"648";"Main Office";"586 Fulham Road,";"";"London";"England";"United Kingdom";"SW6 SBY"
"30063";"1009";"Main Office";"2500 N Serene Blvd";"19th Floor";"El Segundo";"California";"United States";"90245"
"29545";"11";"Shipping";"1318 Lasalle Street";"";"Bothell";"Washington";"United States";"98011"
"29822";"557";"Main Office";"660 Saint-Jacques, Bureau 400";"";"Montreal";"Quebec";"Canada";"H1Y 2H8"
"0";"616";"";"Southwest Outlet";"";"Hillsboro";"Texas";"United States";"76645"
"29897";"28";"Shipping";"9228 Via Del Sol";"";"Phoenix";"Arizona";"United States";"85004"
"29815";"988";"Main Office";"482505 Warm Springs Blvd.";"";"Fremont";"California";"United States";"94536"
"0";"879";"";"Valley Mall";"";"Union Gap";"Washington";"United States";"98903"
"29792";"597";"Main Office";"99450 Highway 59 North";"";"Humble";"Texas";"United States";"77338"
"29859";"622";"Main Office";"Management Mall";"";"San Antonio";"Texas";"United States";"78204"
"29568";"993";"Main Office";"Corporate Office";"";"El Segundo";"California";"United States";"90245"
"29716";"1015";"Main Office";"99000 S. Avalon Blvd. Suite 750";"";"Carson";"California";"United States";"90746"
"29906";"600";"Main Office";"25095 W. Florissant";"";"Ferguson";"Missouri";"United States";"63135"
"29957";"992";"Main Office";"9992 Whipple Rd";"";"Union City";"California";"United States";"94587"
"29865";"1032";"Main Office";"Simi @ The Plaza";"";"Simi Valley";"California";"United States";"93065"
"29622";"863";"Main Office";"2507 Pacific Ave S";"";"Tacoma";"Washington";"United States";"98403"
"29962";"563";"Main Office";"74400 France Avenue South";"";"Edina";"Minnesota";"United States";"55436"
"29768";"1064";"Main Office";"West Park Plaza";"";"Irvine";"California";"United States";"92614"
"30095";"587";"Main Office";"25500 Old Spanish Trail";"";"Houston";"Texas";"United States";"77003"
"29764";"611";"Main Office";"23025 S.W. Military Rd.";"";"San Antonio";"Texas";"United States";"78204"
"29698";"497";"Main Office";"#9900 2700 Production Way";"";"Burnaby";"British Columbia";"Canada";"V5A 4X1"
"30055";"601";"Main Office";"6996 South Lindbergh";"";"Saint Louis";"Missouri";"United States";"63103"
"30036";"1093";"Main Office";"7750 E Marching Rd";"";"Scottsdale";"Arizona";"United States";"85257"
"29737";"882";"Main Office";"Medford";"";"Medford";"Oregon";"United States";"97504"
"29891";"775";"Main Office";"46460 West Oaks Drive";"";"Novi";"Michigan";"United States";"48375"
"30010";"535";"Main Office";"250 Kingsbridge Garden Circle";"";"Mississauga";"Ontario";"Canada";"L5B 3V4"
"0";"674";"";"67 Vincent Square, Victoria";"";"London";"England";"United Kingdom";"SW1P 2NU"
"29928";"454";"Main Office";"3255 Front Street West";"";"Toronto";"Ontario";"Canada";"M4B 1V6"
"29974";"629";"Main Office";"St. Louis Marketplace";"";"Saint Louis";"Missouri";"United States";"63103"
"29919";"1005";"Main Office";"6756 Mowry";"";"Newark";"California";"United States";"94560"
"29876";"481";"Main Office";"65 Gamelin Street";"";"Hull";"Quebec";"Canada";"8Y"
"29740";"520";"Main Office";"6700 Boul Taschereau";"";"Brossard";"Quebec";"Canada";"J4Z 1C5"
"29524";"599";"Main Office";"70 N.W. Plaza";"";"Saint Ann";"Missouri";"United States";"63074"
"0";"532";"";"#500-75 O'Connor Street";"";"Ottawa";"Ontario";"Canada";"K4B 1S2"
"29914";"1079";"Main Office";"25150 El Camino Real";"";"San Bruno";"California";"United States";"94066"
"0";"1081";"";"25871 North Main Street";"";"Walnut Creek";"California";"United States";"94596"
"29585";"841";"Main Office";"Washington Square";"";"Portland";"Oregon";"United States";"97205"
"29683";"875";"Main Office";"2540 Dell Range Blvd";"";"Cheyenne";"Wyoming";"United States";"82001"
"29605";"1060";"Main Office";"Arcadia Crossing";"";"Phoenix";"Arizona";"United States";"85004"
"29926";"638";"Main Office";"255 Irving Street";"";"London";"England";"United Kingdom";"C2H 7AU"
"0";"493";"";"6th Floor 5250 Main Street";"";"Winnipeg";"Manitoba";"Canada";"R3"
"29973";"825";"Main Office";"Port Huron";"";"Port Huron";"Michigan";"United States";"48060"
"0";"656";"";"7 Pioneer Business Park";"";"York";"England";"United Kingdom";"Y03 4TN"
"30094";"1031";"Main Office";"Natomas Marketplace";"";"Sacramento";"California";"United States";"95814"
"29864";"487";"Main Office";"9259 - 1110th Avenue Sw";"";"Calgary";"Alberta";"Canada";"T2P 2G8"
"29781";"1035";"Main Office";"Vista Marketplace";"";"Alhambra";"California";"United States";"91801"
"29796";"642";"Main Office";"Galashiels";"";"Liverpool";"England";"United Kingdom";"L4 4HB"
"30012";"1077";"Main Office";"7505 Laguna Boulevard";"";"Elk Grove";"California";"United States";"95624"
"29872";"586";"Main Office";"6030 Robinson Road";"";"Jefferson City";"Missouri";"United States";"65101"
"29611";"862";"Main Office";"3307 Evergreen Blvd";"Ste 1071";"Washougal";"Washington";"United States";"98671"
"29853";"1056";"Main Office";"Lake Elisnor Place";"";"Lake Elsinore";"California";"United States";"92530"
"29794";"466";"Main Office";"655-4th Ave S.W.";"";"Calgary";"Alberta";"Canada";"T2P 2G8"
"29952";"641";"Main Office";"Bradford";"";"W. York";"England";"United Kingdom";"BD1 4SJ"
"29668";"573";"Main Office";"25269 Wood Dale Rd.";"";"Wood Dale";"Illinois";"United States";"60191"
"30064";"847";"Main Office";"25102 Springwater";"";"Wenatchee";"Washington";"United States";"98801"
"29930";"566";"Main Office";"63 W Monroe";"";"Chicago";"Illinois";"United States";"60610"
"30118";"595";"Main Office";"660 Lindbergh";"";"Saint Louis";"Missouri";"United States";"63103"
"30108";"550";"Main Office";"2520 Flanders Road";"";"Toronto";"Ontario";"Canada";"M4B 1V4"
"29637";"559";"Main Office";"12345 Sterling Avenue";"";"Irving";"Texas";"United States";"75061"
"30098";"486";"Main Office";"600 Boul. Rene-levesque Ouest";"";"Montreal";"Quebec";"Canada";"H1Y 2H7"
"29530";"495";"Main Office";"Suite 800 2530 Slater Street";"";"Ottawa";"Ontario";"Canada";"K4B 1T7"
"29744";"1068";"Main Office";"7709 West Virginia Avenue";"";"Phoenix";"Arizona";"United States";"85004"
"29508";"619";"Main Office";"First Colony Mall";"";"Sugar Land";"Texas";"United States";"77478"
"29988";"478";"Main Office";"2545 King Street West";"";"Toronto";"Ontario";"Canada";"M4B 1V7"
"29750";"543";"Main Office";"6030 Conroy Road";"";"Ottawa";"Ontario";"Canada";"K4B 1S3"
"29949";"1008";"Main Office";"910 Main Street.";"";"Sparks";"Nevada";"United States";"89431"
"0";"1022";"";"99235 Hawthorne Blvd.";"";"Torrance";"California";"United States";"90505"
"29743";"612";"Main Office";"Ring Plaza";"";"Norridge";"Illinois";"United States";"60706"
"29614";"529";"Main Office";"254480 River Rd";"";"Richmond";"British Columbia";"Canada";"V6B 3P7"
"29485";"1086";"Main Office";"57251 Serene Blvd";"";"Van Nuys";"California";"United States";"91411"
"30072";"640";"Main Office";"251 The Metro Center";"";"Wokingham";"England";"United Kingdom";"RG41 1QW"
"29550";"853";"Main Office";"567 Sw Mcloughlin Blvd";"";"Milwaukie";"Oregon";"United States";"97222"
"29813";"446";"Main Office";"52560 Free Street";"";"Toronto";"Ontario";"Canada";"M4B 1V7"
"30008";"617";"Main Office";"Johnson Creek";"";"Johnson Creek";"Wisconsin";"United States";"53038"
"0";"998";"";"60750 San Clemente";"";"Hayward";"California";"United States";"94541"
"29492";"618";"Main Office";"Blue Ridge Mall";"";"Kansas City";"Missouri";"United States";"64106"
"29800";"839";"Main Office";"Gateway";"";"Portland";"Oregon";"United States";"97205"
"29638";"989";"Main Office";"39933 Mission Oaks Blvd";"";"Camarillo";"California";"United States";"93010"
"29892";"476";"Main Office";"258 King Street East";"";"Toronto";"Ontario";"Canada";"M4B 1V7"
"29523";"593";"Main Office";"2345 North Freeway";"";"Houston";"Texas";"United States";"77003"
"30030";"667";"Main Office";"997b Tradescant Road";"";"London";"England";"United Kingdom";"SW8 1XD"
"29983";"554";"Main Office";"9984 Wellington Street";"";"Ottawa";"Ontario";"Canada";"K4B 1S2"
"29939";"475";"Main Office";"2512-410th Avenue S.W.";"";"Calgary";"Alberta";"Canada";"T2P 2G8"
"29722";"555";"Main Office";"9950 Ferrand Drive, 9th Floor";"";"Toronto";"Ontario";"Canada";"M4B 1V4"
"29562";"1091";"Main Office";"5500 Grossmont Center Drive";"";"La Mesa";"California";"United States";"91941"
"29910";"502";"Main Office";"No. 25400 10665 Jasper Avenue";"";"Edmonton";"Alberta";"Canada";"T5"
"29920";"570";"Main Office";"52500 Liberty Way";"";"Fort Worth";"Texas";"United States";"76102"
"29982";"1102";"Main Office";"603 Gellert Blvd";"";"Daly City";"California";"United States";"94015"
"29560";"1030";"Main Office";"Escondido";"";"Escondido";"California";"United States";"92025"
"29696";"1039";"Main Office";"Mountain Square";"";"Upland";"California";"United States";"91786"
"29739";"1065";"Main Office";"Factory Stores Of America";"";"Mesa";"Arizona";"United States";"85201"
"29935";"996";"Main Office";"2575 West 2700 South";"";"Salt Lake City";"Utah";"United States";"84101"
"29967";"565";"Main Office";"25149 Howard Dr";"";"West Chicago";"Illinois";"United States";"60185"
"29567";"448";"Main Office";"2575 Bloor Street East";"";"Toronto";"Ontario";"Canada";"M4B 1V6"
"29805";"994";"Main Office";"25001 Montague Expressway";"";"Milpitas";"California";"United States";"95035"
"29959";"450";"Main Office";"575 Rue St Amable";"";"Quebec";"Quebec";"Canada";"G1R"
"29890";"855";"Main Office";"15 East Main";"";"Port Orchard";"Washington";"United States";"98366"
"29915";"891";"Main Office";"2526a Tri-Lake Blvd Ne";"";"Kirkland";"Washington";"United States";"98033"
"29646";"578";"Main Office";"220 Mercy Drive";"";"Garland";"Texas";"United States";"75040"
"29942";"854";"Main Office";"490 Ne 4th St";"";"Renton";"Washington";"United States";"98055"
"0";"1045";"";"Nut Tree Factory";"";"Vacaville";"California";"United States";"95688"
"29666";"468";"Main Office";"Po Box 83270";"";"Vancouver";"British Columbia";"Canada";"V7L 4J4"
"29651";"606";"Main Office";"99433 S. Greenbay Rd.";"";"Racine";"Wisconsin";"United States";"53182"
"29987";"1023";"Main Office";"870 N. 54th Ave.";"";"Chandler";"Arizona";"United States";"85225"
"30021";"496";"Main Office";"Suite 500 995 W. 11th Avenue";"";"Mississauga";"Ontario";"Canada";"L5A 1H6"
"29911";"538";"Main Office";"25 Danger Street West";"Floor 7";"Toronto";"Ontario";"Canada";"M4B 1V5"
"29711";"472";"Main Office";"250551 Shellbridge Way";"";"Richmond";"British Columbia";"Canada";"V6B 3P7"
"29623";"1033";"Main Office";"Lakewood Mall";"";"Lakewood";"California";"United States";"90712"
"29631";"1003";"Main Office";"5967 W Las Positas Blvd";"";"Pleasanton";"California";"United States";"94566"
"29871";"1029";"Main Office";"Topanga Plaza";"";"Canoga Park";"California";"United States";"91303"
"29873";"858";"Main Office";"2345 West Spencer Road";"";"Lynnwood";"Washington";"United States";"98036"
"29867";"860";"Main Office";"4927 S Meridian Ave Ste D";"";"Puyallup";"Washington";"United States";"98371"
"30039";"627";"Main Office";"Sports Stores @ Tuscola";"";"Tuscola";"Illinois";"United States";"61953"
"0";"883";"";"Heritage Mall";"";"Albany";"Oregon";"United States";"97321"
"29784";"1078";"Main Office";"9909 W. Ventura Boulevard";"";"Camarillo";"California";"United States";"93010"
"29596";"458";"Main Office";"600 Slater Street";"";"Ottawa";"Ontario";"Canada";"K4B 1S2"
"29753";"897";"Main Office";"705 SE Mall Parkway";"";"Everett";"Washington";"United States";"98201"
"29525";"1049";"Main Office";"The Citadel Commerce Plaza";"";"City Of Commerce";"California";"United States";"90040"
"29598";"1000";"Main Office";"22555 Paseo De Las Americas";"";"San Diego";"California";"United States";"92102"
"29535";"591";"Main Office";"48255 I-10 E. @ Eastpoint Blvd.";"";"Baytown";"Texas";"United States";"77520"
"29533";"801";"Main Office";"Horizon Outlet Center";"";"Holland";"Michigan";"United States";"49423"
"30110";"1047";"Main Office";"Stevens Creek Shopping Center";"";"San Jose";"California";"United States";"95112"
"30076";"1076";"Main Office";"8525 South Parker Road";"";"Parker";"Colorado";"United States";"80138"
"29971";"549";"Main Office";"609 Evans Avenue";"";"Toronto";"Ontario";"Canada";"M4B 1V4"
"29603";"518";"Main Office";"995 Crescent";"";"Richmond Hill";"Ontario";"Canada";"L4E 3M5"
"30080";"885";"Main Office";"755 Columbia Ctr Blvd";"";"Kennewick";"Washington";"United States";"99337"
"0";"1063";"";"Viejas Outlet Center";"";"Alpine";"California";"United States";"91901"
"29544";"519";"Main Office";"2500-622 5th Ave Sw";"";"Calgary";"Alberta";"Canada";"T2P 2G8"
"29636";"1105";"Main Office";"566 S. Main";"";"Cedar City";"Utah";"United States";"84720"
"29709";"906";"Main Office";"7009 Sw Hall Blvd.";"";"Tigard";"Oregon";"United States";"97223"
"29627";"447";"Main Office";"22580 Free Street";"";"Toronto";"Ontario";"Canada";"M4B 1V7"
"29734";"517";"Main Office";"2573 Dufferin Street";"";"Toronto";"Ontario";"Canada";"M4B 1V5"
"30047";"1071";"Main Office";"5867 Sunrise Boulevard";"";"Citrus Heights";"California";"United States";"95610"
"29539";"480";"Main Office";"25 First Canadian Place";"";"Toronto";"Ontario";"Canada";"M4B 1V5"
"30042";"523";"Main Office";"46990 Viking Way";"";"Richmond";"British Columbia";"Canada";"V6B 3P7"
"29682";"1051";"Main Office";"Pavillion @ Redlands";"";"Redlands";"California";"United States";"92373"
"29832";"551";"Main Office";"32605 West 252 Mile Road, Suite 250";"";"Aurora";"Ontario";"Canada";"L4G 7N6"
"29866";"588";"Main Office";"99828 Routh Street, Suite 825";"";"Dallas";"Texas";"United States";"75201"
"29689";"865";"Main Office";"750 Lakeway Dr";"";"Bellingham";"Washington";"United States";"98225"
